{
"apiVersion": "V2",
"assemblies": [
{
  "files": [
    {
      "filePath": "assembly_data_report.jsonl",
      "fileType": "DATA_REPORT"
    }
  ]
},{
  "accession": "GCF_001583435.1",
  "files": [
    {
      "filePath": "GCF_001583435.1/GCF_001583435.1_ASM158343v1_genomic.fna",
      "fileType": "GENOMIC_NUCLEOTIDE_FASTA"
    }
  ]
},{
  "accession": "GCF_023716865.1",
  "files": [
    {
      "filePath": "GCF_023716865.1/GCF_023716865.1_ASM2371686v1_genomic.fna",
      "fileType": "GENOMIC_NUCLEOTIDE_FASTA"
    }
  ]
},{
  "accession": "GCF_023822025.1",
  "files": [
    {
      "filePath": "GCF_023822025.1/GCF_023822025.1_ASM2382202v1_genomic.fna",
      "fileType": "GENOMIC_NUCLEOTIDE_FASTA"
    }
  ]
},{
  "accession": "GCF_027366395.1",
  "files": [
    {
      "filePath": "GCF_027366395.1/GCF_027366395.1_ASM2736639v1_genomic.fna",
      "fileType": "GENOMIC_NUCLEOTIDE_FASTA"
    }
  ]
},{
  "accession": "GCF_032883915.1",
  "files": [
    {
      "filePath": "GCF_032883915.1/GCF_032883915.1_ASM3288391v1_genomic.fna",
      "fileType": "GENOMIC_NUCLEOTIDE_FASTA"
    }
  ]
}]}
